wmc,dit,noc,cbo,rfc,lcom,ca,ce,npm,lcom3,loc,dam,moa,mfa,cam,ic,cbm,amc,max_cc,avg_cc
12,1,0,35,75,14,16,21,7,0.965786901,4202,0.559139785,19,0.0,0.20979021,0,0,341.4166667,31,6.6667
3,4,0,6,12,3,2,4,2,2.0,68,0.0,0,0.985714286,0.428571429,1,7,21.66666667,1,0.3333
5,4,0,2,11,10,0,2,5,2.0,30,0.0,0,0.959183673,0.45,0,0,5.0,1,0.8
6,1,0,2,6,15,1,1,6,2.0,6,0.0,0,0.0,0.75,0,0,0.0,1,1.0
2,1,0,0,2,1,0,0,2,2.0,2,0.0,0,0.0,0.75,0,0,0.0,1,1.0
